{
  "iri": "7b30bd46-48cd-4758-b88b-a03a4906252d",
  "types": [
    "http://dataspecer.com/resources/local/package"
  ],
  "userMetadata": {
    "label": {
      "en": "Czech Core Metadata Vocabulary"
    },
    "description": {
      "en": "Vocabulary containing terms missing or disinterpreted in other vocabularies needed for profile of Czech Core Metadata Model."
    }
  },
  "metadata": {
    "creationDate": "2025-06-24T11:45:27.017Z",
    "modificationDate": "2025-10-21T09:57:07.018Z"
  },
  "_version": 1,
  "_exportVersion": 1,
  "_exportedAt": "2025-10-21T09:57:24.149Z",
  "_exportedBy": "http://localhost:3100"
}