{
  "iri": "7b30bd46-48cd-4758-b88b-a03a4906252d",
  "types": [
    "http://dataspecer.com/resources/local/package"
  ],
  "userMetadata": {
    "label": {
      "en": "Czech Core Metadata Vocabulary"
    },
    "description": {
      "en": "Vocabulary containing terms missing or disinterpreted in other vocabularies needed for profile of Czech Core Metadata Model."
    }
  },
  "metadata": {
    "creationDate": "2025-04-22T06:47:10.982Z",
    "modificationDate": "2025-05-20T08:51:55.411Z"
  },
  "_version": 1,
  "_exportVersion": 1,
  "_exportedAt": "2025-05-20T08:52:14.698Z",
  "_exportedBy": "http://localhost:3100"
}