{
  "iri": "7b30bd46-48cd-4758-b88b-a03a4906252d",
  "types": [
    "http://dataspecer.com/resources/local/package"
  ],
  "userMetadata": {
    "label": {
      "en": "Czech Core Metadata Vocabulary"
    },
    "description": {
      "en": "Vocabulary containing terms missing or disinterpreted in other vocabularies needed for profile of Czech Core Metadata Model."
    }
  },
  "metadata": {
    "creationDate": "2025-06-23T11:57:44.208Z",
    "modificationDate": "2025-06-23T11:58:49.040Z"
  },
  "_version": 1,
  "_exportVersion": 1,
  "_exportedAt": "2025-06-23T12:02:03.469Z",
  "_exportedBy": "http://localhost:3100"
}