{
  "iri": "45318abc-c332-421d-8499-69af3c9efa5e",
  "types": [
    "http://dataspecer.com/resources/local/visual-model"
  ],
  "userMetadata": {
    "label": {
      "en": "Main view"
    },
    "description": {
      "en": "View model for the vocabulary"
    }
  },
  "metadata": {
    "creationDate": "2025-06-23T11:57:44.636Z",
    "modificationDate": "2025-06-23T19:35:25.502Z"
  },
  "_version": 1,
  "_exportVersion": 1,
  "_exportedAt": "2025-06-23T20:13:04.340Z",
  "_exportedBy": "http://localhost:3100"
}