{
  "identifier": "45318abc-c332-421d-8499-69af3c9efa5e",
  "version": 1,
  "type": "http://dataspecer.com/resources/local/visual-model",
  "entities": [
    {
      "identifier": "45318abc-c332-421d-8499-69af3c9efa5e-model-metadata-entity",
      "type": [
        "entity-model-type"
      ],
      "label": {
        "en": "Main view"
      }
    },
    {
      "type": [
        "http://dataspecer.com/resources/local/visual-model"
      ],
      "representedModel": "ded23584-6829-455d-a00f-af2262f4f00d",
      "color": "#70d6ff",
      "identifier": "ubb0i"
    },
    {
      "model": "ded23584-6829-455d-a00f-af2262f4f00d",
      "representedEntity": "pz7chmxvk4m9s5bwog",
      "position": {
        "x": 590,
        "y": 950,
        "anchored": null
      },
      "content": [],
      "visualModels": [],
      "type": [
        "visual-node"
      ],
      "identifier": "h4l5i"
    },
    {
      "model": "ded23584-6829-455d-a00f-af2262f4f00d",
      "representedEntity": "2gr7bl55t5um9s5cf7k",
      "position": {
        "x": 570,
        "y": 1040
      },
      "content": [],
      "visualModels": [],
      "type": [
        "visual-node"
      ],
      "identifier": "f4hc4"
    },
    {
      "model": "ded23584-6829-455d-a00f-af2262f4f00d",
      "representedEntity": "xo5ysx2lgdm9s5fcur",
      "position": {
        "x": 550,
        "y": 630
      },
      "content": [],
      "visualModels": [],
      "type": [
        "visual-node"
      ],
      "identifier": "7nz22"
    },
    {
      "model": "ded23584-6829-455d-a00f-af2262f4f00d",
      "representedEntity": "0repug5xrzpbm9s5gw7i",
      "position": {
        "x": 970,
        "y": 770
      },
      "content": [
        "9w6lrcmswx9m9s884bf",
        "xthlx3dxjihm9s88y0h",
        "f0q0h8f3tysm9s8aigq"
      ],
      "visualModels": [],
      "type": [
        "visual-node"
      ],
      "identifier": "7bhg9"
    },
    {
      "model": "ded23584-6829-455d-a00f-af2262f4f00d",
      "representedEntity": "p29q5vs9e4jm9s5j8nx",
      "position": {
        "x": 590,
        "y": 950,
        "anchored": null
      },
      "content": [],
      "visualModels": [],
      "type": [
        "visual-node"
      ],
      "identifier": "pi219"
    },
    {
      "model": "ded23584-6829-455d-a00f-af2262f4f00d",
      "representedEntity": "057wezllxp2m9s5k21s",
      "position": {
        "x": 270,
        "y": 790
      },
      "content": [],
      "visualModels": [],
      "type": [
        "visual-node"
      ],
      "identifier": "rfrt7"
    },
    {
      "model": "ded23584-6829-455d-a00f-af2262f4f00d",
      "representedEntity": "quxo5yj63fm9s5l8il",
      "position": {
        "x": 530,
        "y": 1140
      },
      "content": [],
      "visualModels": [],
      "type": [
        "visual-node"
      ],
      "identifier": "5wsb5"
    },
    {
      "model": "ded23584-6829-455d-a00f-af2262f4f00d",
      "representedEntity": "7pm1ptbacq3m9s5lws4",
      "position": {
        "x": 230,
        "y": 1370
      },
      "content": [],
      "visualModels": [],
      "type": [
        "visual-node"
      ],
      "identifier": "yzlz5"
    },
    {
      "type": [
        "http://dataspecer.com/resources/local/visual-model"
      ],
      "representedModel": "2vkqd",
      "color": "#8fab5c",
      "identifier": "rn85s"
    },
    {
      "type": [
        "http://dataspecer.com/resources/local/visual-model"
      ],
      "representedModel": "oeoml",
      "color": "#70d6ff",
      "identifier": "l4oba"
    },
    {
      "type": [
        "http://dataspecer.com/resources/local/visual-model"
      ],
      "representedModel": "w1eap",
      "color": "#b8a3d3",
      "identifier": "8fo9i"
    },
    {
      "type": [
        "http://dataspecer.com/resources/local/visual-model"
      ],
      "representedModel": "unc67",
      "color": "#d4f2d2",
      "identifier": "y9al2"
    },
    {
      "type": [
        "http://dataspecer.com/resources/local/visual-model"
      ],
      "representedModel": "k3g7",
      "color": "#ff848b",
      "identifier": "1qhhh"
    },
    {
      "type": [
        "http://dataspecer.com/resources/local/visual-model"
      ],
      "representedModel": "kunso",
      "color": "#b8a3d3",
      "identifier": "azicl"
    },
    {
      "type": [
        "http://dataspecer.com/resources/local/visual-model"
      ],
      "representedModel": "5ks4j",
      "color": "#ffb770",
      "identifier": "4xuth"
    },
    {
      "type": [
        "http://dataspecer.com/resources/local/visual-model"
      ],
      "representedModel": "ny8ow",
      "color": "#ffd670",
      "identifier": "qdu9m"
    },
    {
      "type": [
        "http://dataspecer.com/resources/local/visual-model"
      ],
      "representedModel": "2igbx",
      "color": "#ff848b",
      "identifier": "rc9r9"
    }
  ]
}