{
  "iri": "45318abc-c332-421d-8499-69af3c9efa5e",
  "types": [
    "http://dataspecer.com/resources/local/visual-model"
  ],
  "userMetadata": {
    "label": {
      "en": "Main view"
    },
    "description": {
      "en": "View model for the vocabulary"
    }
  },
  "metadata": {
    "creationDate": "2025-06-24T11:45:27.450Z",
    "modificationDate": "2025-11-02T09:15:51.192Z"
  },
  "_version": 1,
  "_exportVersion": 1,
  "_exportedAt": "2025-11-02T09:16:26.068Z",
  "_exportedBy": "http://localhost:3100"
}