{
  "iri": "45318abc-c332-421d-8499-69af3c9efa5e",
  "types": [
    "http://dataspecer.com/resources/local/visual-model"
  ],
  "userMetadata": {
    "label": {
      "en": "Main view"
    },
    "description": {
      "en": "View model for the vocabulary"
    }
  },
  "metadata": {
    "creationDate": "2025-04-22T06:47:11.296Z",
    "modificationDate": "2025-05-20T08:51:55.354Z"
  },
  "_version": 1,
  "_exportVersion": 1,
  "_exportedAt": "2025-05-20T08:52:14.678Z",
  "_exportedBy": "http://localhost:3100"
}