{
  "type": "http://dataspecer.com/resources/local/semantic-model",
  "modelId": "ded23584-6829-455d-a00f-af2262f4f00d",
  "modelAlias": "Czech Core Metadata Vocabulary",
  "baseIri": "https://model.ccmm.cz/vocabulary/ccmm#",
  "entities": {
    "pz7chmxvk4m9s5bwog": {
      "iri": "ValidationResult",
      "name": {
        "en": "Validation result"
      },
      "description": {
        "en": "Class describing the result of validation testing. It may include validation of metadata, data and/or web services accessing the data."
      },
      "externalDocumentationUrl": null,
      "id": "pz7chmxvk4m9s5bwog",
      "type": [
        "class"
      ]
    },
    "2gr7bl55t5um9s5cf7k": {
      "iri": "TimeReference",
      "name": {
        "en": "Time reference"
      },
      "description": {
        "en": "A date on which something relative to the resource has happened."
      },
      "externalDocumentationUrl": null,
      "id": "2gr7bl55t5um9s5cf7k",
      "type": [
        "class"
      ]
    },
    "xo5ysx2lgdm9s5fcur": {
      "iri": "ResourceToAgentRelationship",
      "name": {
        "en": "Resource to agent relationship"
      },
      "description": {
        "en": "An association class for attaching additional information to a relationship between Resource and Agent."
      },
      "externalDocumentationUrl": null,
      "id": "xo5ysx2lgdm9s5fcur",
      "type": [
        "class"
      ]
    },
    "0repug5xrzpbm9s5gw7i": {
      "iri": "ContactDetails",
      "name": {
        "en": "Contact details"
      },
      "description": {
        "en": "Contact details such as telephone, e-mail address etc."
      },
      "externalDocumentationUrl": null,
      "id": "0repug5xrzpbm9s5gw7i",
      "type": [
        "class"
      ]
    },
    "p29q5vs9e4jm9s5j8nx": {
      "iri": "Distribution-DownloadableFile",
      "name": {
        "en": "Distribution - downloadable file"
      },
      "description": {
        "en": "Physical embodiment of the dataset in a particular format. "
      },
      "externalDocumentationUrl": null,
      "id": "p29q5vs9e4jm9s5j8nx",
      "type": [
        "class"
      ]
    },
    "057wezllxp2m9s5k21s": {
      "iri": "Distribution-DataService",
      "name": {
        "en": "Distribution - data service"
      },
      "description": {
        "en": "Physical embodiment of the dataset as a particular data service. "
      },
      "externalDocumentationUrl": null,
      "id": "057wezllxp2m9s5k21s",
      "type": [
        "class"
      ]
    },
    "quxo5yj63fm9s5l8il": {
      "iri": "SubjectScheme",
      "name": {
        "en": "Subject scheme"
      },
      "description": {
        "en": "Collection of subjects (keywords, concepts, classification codes) curated by a single source."
      },
      "externalDocumentationUrl": null,
      "id": "quxo5yj63fm9s5l8il",
      "type": [
        "class"
      ]
    },
    "7pm1ptbacq3m9s5lws4": {
      "iri": "AlternateTitle",
      "name": {
        "en": "Alternate title"
      },
      "description": {
        "en": "Alternate title of the resource."
      },
      "externalDocumentationUrl": null,
      "id": "7pm1ptbacq3m9s5lws4",
      "type": [
        "class"
      ]
    },
    "qjnjyodrppkm9s6w128": {
      "ends": [
        {
          "iri": null,
          "name": {},
          "description": {},
          "concept": "http://www.w3.org/ns/dcat#Dataset",
          "externalDocumentationUrl": null
        },
        {
          "name": {
            "en": "has related resource"
          },
          "description": {},
          "concept": "http://www.w3.org/2000/01/rdf-schema#Resource",
          "iri": "hasRelatedResource",
          "externalDocumentationUrl": ""
        }
      ],
      "id": "qjnjyodrppkm9s6w128",
      "type": [
        "relationship"
      ],
      "iri": null,
      "name": {},
      "description": {}
    },
    "s1aif8a5emgm9s6xjrp": {
      "ends": [
        {
          "iri": null,
          "name": {},
          "description": {},
          "concept": "http://www.w3.org/ns/dcat#Dataset",
          "externalDocumentationUrl": null
        },
        {
          "name": {
            "en": "has distribution"
          },
          "description": {},
          "concept": "http://www.w3.org/ns/dcat#Distribution",
          "iri": "hasDistribution",
          "externalDocumentationUrl": ""
        }
      ],
      "id": "s1aif8a5emgm9s6xjrp",
      "type": [
        "relationship"
      ],
      "iri": null,
      "name": {},
      "description": {}
    },
    "k7b1skvcswom9s707iz": {
      "ends": [
        {
          "iri": null,
          "name": {},
          "description": {},
          "concept": "http://www.w3.org/ns/dcat#Dataset",
          "externalDocumentationUrl": null
        },
        {
          "name": {
            "en": "has validation result"
          },
          "description": {},
          "concept": "pz7chmxvk4m9s5bwog",
          "iri": "hasValidationResult",
          "externalDocumentationUrl": ""
        }
      ],
      "id": "k7b1skvcswom9s707iz",
      "type": [
        "relationship"
      ],
      "iri": null,
      "name": {},
      "description": {}
    },
    "7uqw03rmwkgm9s7175v": {
      "ends": [
        {
          "iri": null,
          "name": {},
          "description": {},
          "concept": "https://www.w3.org/2002/07/owl#Thing",
          "externalDocumentationUrl": null
        },
        {
          "name": {
            "en": "has time reference"
          },
          "description": {
            "en": ""
          },
          "concept": "2gr7bl55t5um9s5cf7k",
          "iri": "hasTimeReference",
          "externalDocumentationUrl": ""
        }
      ],
      "id": "7uqw03rmwkgm9s7175v",
      "type": [
        "relationship"
      ],
      "iri": null,
      "name": {},
      "description": {}
    },
    "7xewcaagzw7m9s71tc9": {
      "ends": [
        {
          "iri": null,
          "name": {},
          "description": {},
          "concept": "http://www.w3.org/2000/01/rdf-schema#Resource",
          "externalDocumentationUrl": null
        },
        {
          "name": {
            "en": "qualified relation"
          },
          "description": {},
          "concept": "http://www.w3.org/ns/dcat#Relationship",
          "iri": "qualifiedRelation",
          "externalDocumentationUrl": ""
        }
      ],
      "id": "7xewcaagzw7m9s71tc9",
      "type": [
        "relationship"
      ],
      "iri": null,
      "name": {},
      "description": {}
    },
    "w015zqnde2om9s725vf": {
      "id": "w015zqnde2om9s725vf",
      "iri": null,
      "child": "xo5ysx2lgdm9s5fcur",
      "parent": "http://www.w3.org/ns/dcat#Relationship",
      "type": [
        "generalization"
      ]
    },
    "y7ogp8mmqqom9s73885": {
      "id": "y7ogp8mmqqom9s73885",
      "iri": null,
      "child": "057wezllxp2m9s5k21s",
      "parent": "http://www.w3.org/ns/dcat#Distribution",
      "type": [
        "generalization"
      ]
    },
    "oicpubeagwjm9s73in2": {
      "id": "oicpubeagwjm9s73in2",
      "iri": null,
      "child": "p29q5vs9e4jm9s5j8nx",
      "parent": "http://www.w3.org/ns/dcat#Distribution",
      "type": [
        "generalization"
      ]
    },
    "ucyp8mn445jm9s761jy": {
      "ends": [
        {
          "iri": null,
          "name": {},
          "description": {},
          "concept": "http://www.w3.org/ns/dcat#Relationship",
          "externalDocumentationUrl": null
        },
        {
          "name": {
            "en": "relation"
          },
          "description": {},
          "concept": "http://purl.org/dc/terms/Agent",
          "iri": "relation",
          "externalDocumentationUrl": ""
        }
      ],
      "id": "ucyp8mn445jm9s761jy",
      "type": [
        "relationship"
      ],
      "iri": null,
      "name": {},
      "description": {}
    },
    "hw9fam643nbm9s7hybv": {
      "ends": [
        {
          "iri": null,
          "name": {},
          "description": {},
          "concept": "http://www.w3.org/ns/prov#Person",
          "externalDocumentationUrl": null
        },
        {
          "name": {
            "en": "has affiliation"
          },
          "description": {},
          "concept": "http://www.w3.org/ns/prov#Organization",
          "iri": "hasAffiliation",
          "externalDocumentationUrl": ""
        }
      ],
      "id": "hw9fam643nbm9s7hybv",
      "type": [
        "relationship"
      ],
      "iri": null,
      "name": {},
      "description": {}
    },
    "mwq0my1tu9m9s7jac5": {
      "ends": [
        {
          "iri": null,
          "name": {},
          "description": {},
          "concept": "http://www.w3.org/ns/dcat#CatalogRecord",
          "externalDocumentationUrl": null
        },
        {
          "name": {
            "en": "original repository"
          },
          "description": {
            "en": "Link to the repository from which the metadata were originally stored and curated."
          },
          "concept": "http://www.w3.org/ns/dcat#Catalog",
          "iri": "originalRepository",
          "externalDocumentationUrl": ""
        }
      ],
      "id": "mwq0my1tu9m9s7jac5",
      "type": [
        "relationship"
      ],
      "iri": null,
      "name": {},
      "description": {}
    },
    "h9zw6a9zjmom9s7jzqg": {
      "ends": [
        {
          "iri": null,
          "name": {},
          "description": {},
          "concept": "http://www.w3.org/ns/dcat#CatalogRecord",
          "externalDocumentationUrl": null
        },
        {
          "name": {
            "en": "describes"
          },
          "description": {
            "en": "Dataset described by the metadata record."
          },
          "concept": "http://www.w3.org/ns/dcat#Dataset",
          "iri": "describes",
          "externalDocumentationUrl": ""
        }
      ],
      "id": "h9zw6a9zjmom9s7jzqg",
      "type": [
        "relationship"
      ],
      "iri": null,
      "name": {},
      "description": {}
    },
    "k2jbv4fsuwmm9s7l1s2": {
      "ends": [
        {
          "iri": null,
          "name": {},
          "description": {},
          "concept": "https://model.ccmm.cz/vocabulary/datacite#Subject",
          "externalDocumentationUrl": null
        },
        {
          "name": {
            "en": "in subject scheme"
          },
          "description": {},
          "concept": "quxo5yj63fm9s5l8il",
          "iri": "inSubjectScheme",
          "externalDocumentationUrl": ""
        }
      ],
      "id": "k2jbv4fsuwmm9s7l1s2",
      "type": [
        "relationship"
      ],
      "iri": null,
      "name": {},
      "description": {}
    },
    "30mtqxph657m9s7sqan": {
      "ends": [
        {
          "iri": null,
          "name": {},
          "description": {},
          "concept": "http://www.w3.org/2000/01/rdf-schema#Resource",
          "externalDocumentationUrl": null
        },
        {
          "name": {
            "en": "has identifier"
          },
          "description": {
            "en": "has identifier"
          },
          "concept": "http://www.w3.org/ns/adms#Identifier",
          "iri": "hasIdentifier",
          "externalDocumentationUrl": ""
        }
      ],
      "id": "30mtqxph657m9s7sqan",
      "type": [
        "relationship"
      ],
      "iri": null,
      "name": {},
      "description": {}
    },
    "nfxw2ndylr9m9s7utko": {
      "ends": [
        {
          "iri": null,
          "name": {},
          "description": {},
          "concept": "http://www.w3.org/ns/dcat#Dataset",
          "externalDocumentationUrl": null
        },
        {
          "name": {
            "en": "is described by"
          },
          "description": {
            "en": "Inverse relation between dataset and metadata record."
          },
          "concept": "http://www.w3.org/ns/dcat#CatalogRecord",
          "iri": "isDescribedBy",
          "externalDocumentationUrl": ""
        }
      ],
      "id": "nfxw2ndylr9m9s7utko",
      "type": [
        "relationship"
      ],
      "iri": null,
      "name": {},
      "description": {}
    },
    "ugfji3l6y6km9s7vqvr": {
      "ends": [
        {
          "iri": null,
          "name": {},
          "description": {},
          "concept": "http://www.w3.org/2000/01/rdf-schema#Resource",
          "externalDocumentationUrl": null
        },
        {
          "name": {
            "en": "has alternate title"
          },
          "description": {},
          "concept": "7pm1ptbacq3m9s5lws4",
          "iri": "hasAlternateTitle",
          "externalDocumentationUrl": ""
        }
      ],
      "id": "ugfji3l6y6km9s7vqvr",
      "type": [
        "relationship"
      ],
      "iri": null,
      "name": {},
      "description": {}
    },
    "9w6lrcmswx9m9s884bf": {
      "ends": [
        {
          "iri": null,
          "name": {},
          "description": {},
          "concept": "0repug5xrzpbm9s5gw7i",
          "externalDocumentationUrl": null
        },
        {
          "name": {
            "en": "Phone"
          },
          "description": {
            "en": "Phone number"
          },
          "concept": "http://www.w3.org/2000/01/rdf-schema#Literal",
          "iri": "phone",
          "externalDocumentationUrl": ""
        }
      ],
      "id": "9w6lrcmswx9m9s884bf",
      "type": [
        "relationship"
      ],
      "iri": null,
      "name": {},
      "description": {}
    },
    "xthlx3dxjihm9s88y0h": {
      "ends": [
        {
          "iri": null,
          "name": {},
          "description": {},
          "concept": "0repug5xrzpbm9s5gw7i",
          "externalDocumentationUrl": null
        },
        {
          "name": {
            "en": "Email"
          },
          "description": {
            "en": "Email address"
          },
          "concept": "http://www.w3.org/2000/01/rdf-schema#Literal",
          "iri": "email",
          "externalDocumentationUrl": ""
        }
      ],
      "id": "xthlx3dxjihm9s88y0h",
      "type": [
        "relationship"
      ],
      "iri": null,
      "name": {},
      "description": {}
    },
    "f0q0h8f3tysm9s8aigq": {
      "ends": [
        {
          "iri": null,
          "name": {},
          "description": {},
          "concept": "0repug5xrzpbm9s5gw7i",
          "externalDocumentationUrl": null
        },
        {
          "name": {
            "en": "Data box"
          },
          "description": {
            "en": "Data box code"
          },
          "concept": "http://www.w3.org/2000/01/rdf-schema#Literal",
          "iri": "dataBox",
          "externalDocumentationUrl": ""
        }
      ],
      "id": "f0q0h8f3tysm9s8aigq",
      "type": [
        "relationship"
      ],
      "iri": null,
      "name": {},
      "description": {}
    },
    "h6kj2ah1ujqmavgi8jw": {
      "ends": [
        {
          "iri": null,
          "name": {},
          "description": {},
          "concept": "https://www.w3.org/2002/07/owl#Thing",
          "externalDocumentationUrl": null
        },
        {
          "name": {
            "en": "has type"
          },
          "description": {
            "en": "Reference to the codelist value giving the specific type to the attribute."
          },
          "concept": "http://www.w3.org/2004/02/skos/core#Concept",
          "iri": "hasType",
          "externalDocumentationUrl": ""
        }
      ],
      "id": "h6kj2ah1ujqmavgi8jw",
      "type": [
        "relationship"
      ],
      "iri": null,
      "name": {},
      "description": {}
    },
    "ryd0g2f2yqimaw9xmif": {
      "iri": "IdentifierScheme",
      "name": {
        "en": "Identifier scheme"
      },
      "description": {
        "en": "Scheme in which is the identifier value unique, usually representing some authority. Identifier scheme shall always be represented as IRI identifier."
      },
      "externalDocumentationUrl": null,
      "id": "ryd0g2f2yqimaw9xmif",
      "type": [
        "class"
      ]
    },
    "b95wg3vxvpwmaw9z3w6": {
      "ends": [
        {
          "iri": null,
          "name": {},
          "description": {},
          "concept": "http://www.w3.org/ns/adms#Identifier",
          "externalDocumentationUrl": null
        },
        {
          "name": {
            "en": "in scheme"
          },
          "description": {
            "en": "Relation between the identifier and scheme in which it is defined and unique."
          },
          "concept": "ryd0g2f2yqimaw9xmif",
          "iri": "inScheme",
          "externalDocumentationUrl": ""
        }
      ],
      "id": "b95wg3vxvpwmaw9z3w6",
      "type": [
        "relationship"
      ],
      "iri": null,
      "name": {},
      "description": {}
    },
    "ppozxcw44mamc8u721r": {
      "ends": [
        {
          "iri": null,
          "name": {},
          "description": {},
          "concept": "http://www.w3.org/2000/01/rdf-schema#Resource",
          "externalDocumentationUrl": null
        },
        {
          "name": {
            "en": "Resource URL"
          },
          "description": {
            "en": "Resolvable URL representing the resource, preferably human readable."
          },
          "concept": "http://www.w3.org/2001/XMLSchema#anyURI",
          "iri": "resourceUrl",
          "externalDocumentationUrl": ""
        }
      ],
      "id": "ppozxcw44mamc8u721r",
      "type": [
        "relationship"
      ],
      "iri": null,
      "name": {},
      "description": {}
    },
    "7cmvneqgbsymc8url3d": {
      "ends": [
        {
          "iri": null,
          "name": {},
          "description": {},
          "concept": "https://model.ccmm.cz/vocabulary/datacite#FundingReference",
          "externalDocumentationUrl": null
        },
        {
          "name": {
            "en": "Funding program"
          },
          "description": {
            "en": "Reference to the specific funding program."
          },
          "concept": "http://www.w3.org/2001/XMLSchema#anyURI",
          "iri": "fundingProgram",
          "externalDocumentationUrl": ""
        }
      ],
      "id": "7cmvneqgbsymc8url3d",
      "type": [
        "relationship"
      ],
      "iri": null,
      "name": {},
      "description": {}
    },
    "nkg4ip9xp7mfgvrud0": {
      "id": "nkg4ip9xp7mfgvrud0",
      "iri": null,
      "child": "http://www.w3.org/ns/dcat#Dataset",
      "parent": "http://www.w3.org/2000/01/rdf-schema#Resource",
      "type": [
        "generalization"
      ]
    }
  }
}