{
  "iri": "ded23584-6829-455d-a00f-af2262f4f00d",
  "types": [
    "http://dataspecer.com/resources/local/semantic-model"
  ],
  "userMetadata": {
    "label": {
      "en": "Czech Core Metadata Vocabulary"
    },
    "description": {
      "en": "Semantic model for the vocabulary"
    }
  },
  "metadata": {
    "creationDate": "2025-06-24T11:45:27.210Z",
    "modificationDate": "2025-11-02T09:59:34.169Z"
  },
  "_version": 1,
  "_exportVersion": 1,
  "_exportedAt": "2025-11-02T09:59:59.947Z",
  "_exportedBy": "http://localhost:3100"
}