{
  "iri": "ded23584-6829-455d-a00f-af2262f4f00d",
  "types": [
    "http://dataspecer.com/resources/local/semantic-model"
  ],
  "userMetadata": {
    "label": {
      "en": "Czech Core Metadata Vocabulary"
    },
    "description": {
      "en": "Semantic model for the vocabulary"
    }
  },
  "metadata": {
    "creationDate": "2025-04-22T06:47:11.129Z",
    "modificationDate": "2025-05-19T19:11:19.730Z"
  },
  "_version": 1,
  "_exportVersion": 1,
  "_exportedAt": "2025-05-19T19:12:24.009Z",
  "_exportedBy": "http://localhost:3100"
}