{
  "iri": "ded23584-6829-455d-a00f-af2262f4f00d",
  "types": [
    "http://dataspecer.com/resources/local/semantic-model"
  ],
  "userMetadata": {
    "label": {
      "en": "Czech Core Metadata Vocabulary"
    },
    "description": {
      "en": "Semantic model for the vocabulary"
    }
  },
  "metadata": {
    "creationDate": "2025-06-23T11:57:44.421Z",
    "modificationDate": "2025-06-23T11:58:46.423Z"
  },
  "_version": 1,
  "_exportVersion": 1,
  "_exportedAt": "2025-06-23T12:02:03.441Z",
  "_exportedBy": "http://localhost:3100"
}